^GSPC,20040102,1111.92,1118.85,1105.08,1108.48,1153200000,1108.48
^GSPC,20040105,1108.48,1122.22,1108.48,1122.22,1578200000,1122.22
^GSPC,20040106,1122.22,1124.46,1118.44,1123.67,1494500000,1123.67
^GSPC,20040107,1123.67,1126.33,1116.45,1126.33,1704900000,1126.33
^GSPC,20040108,1126.33,1131.92,1124.91,1131.92,1868400000,1131.92
^GSPC,20040109,1131.92,1131.92,1120.90,1121.86,1720700000,1121.86
^GSPC,20040112,1121.86,1127.85,1120.90,1127.23,1510200000,1127.23
^GSPC,20040113,1127.23,1129.07,1115.19,1121.22,1595900000,1121.22
^GSPC,20040114,1121.22,1130.75,1121.22,1130.52,1514600000,1130.52
^GSPC,20040115,1130.52,1137.11,1124.54,1132.05,1695000000,1132.05
^GSPC,20040116,1132.05,1139.83,1132.05,1139.83,1721100000,1139.83
^GSPC,20040120,1139.83,1142.93,1135.40,1138.77,1698200000,1138.77
^GSPC,20040121,1138.77,1149.21,1134.62,1147.62,1757600000,1147.62
^GSPC,20040122,1147.62,1150.51,1143.01,1143.94,1693700000,1143.94
^GSPC,20040123,1143.94,1150.31,1136.85,1141.55,1561200000,1141.55
^GSPC,20040126,1141.55,1155.38,1141.00,1155.37,1480600000,1155.37
^GSPC,20040127,1155.37,1155.37,1144.05,1144.05,1673100000,1144.05
^GSPC,20040128,1144.05,1149.14,1126.50,1128.48,1842000000,1128.48
^GSPC,20040129,1128.48,1134.39,1122.38,1134.11,1921900000,1134.11
^GSPC,20040130,1134.11,1134.17,1127.73,1131.13,1635000000,1131.13
^GSPC,20040202,1131.13,1142.45,1127.87,1135.26,1599200000,1135.26
^GSPC,20040203,1135.26,1137.44,1131.33,1136.03,1476900000,1136.03
^GSPC,20040204,1136.03,1136.03,1124.74,1126.52,1634800000,1126.52
^GSPC,20040205,1126.52,1131.17,1124.44,1128.59,1566600000,1128.59
^GSPC,20040206,1128.59,1142.79,1128.39,1142.76,1477600000,1142.76
^GSPC,20040209,1142.76,1144.46,1139.21,1139.81,1303500000,1139.81
^GSPC,20040210,1139.81,1147.02,1138.70,1145.54,1403900000,1145.54
^GSPC,20040211,1145.54,1158.89,1142.33,1157.76,1699300000,1157.76
^GSPC,20040212,1157.76,1157.76,1151.44,1152.11,1464300000,1152.11
^GSPC,20040213,1152.11,1156.88,1143.24,1145.81,1329200000,1145.81
^GSPC,20040217,1145.81,1158.98,1145.81,1156.99,1396500000,1156.99
^GSPC,20040218,1156.99,1157.40,1149.54,1151.82,1382400000,1151.82
^GSPC,20040219,1151.82,1158.57,1146.85,1147.06,1562800000,1147.06
^GSPC,20040220,1147.06,1149.81,1139.00,1144.11,1479600000,1144.11
^GSPC,20040223,1144.11,1146.69,1136.98,1140.99,1380400000,1140.99
^GSPC,20040224,1140.99,1144.54,1134.43,1139.09,1543600000,1139.09
^GSPC,20040225,1139.09,1145.24,1138.96,1143.67,1360700000,1143.67
^GSPC,20040226,1143.67,1147.23,1138.62,1144.91,1383900000,1144.91
^GSPC,20040227,1145.80,1151.68,1141.80,1144.94,1540400000,1144.94
^GSPC,20040301,1144.94,1157.45,1144.94,1155.97,1497100000,1155.97
^GSPC,20040302,1155.97,1156.54,1147.31,1149.10,1476000000,1149.10
^GSPC,20040303,1149.10,1152.44,1143.78,1151.03,1334500000,1151.03
^GSPC,20040304,1151.03,1154.97,1149.81,1154.87,1265800000,1154.87
^GSPC,20040305,1154.87,1163.23,1148.77,1156.86,1398200000,1156.86
^GSPC,20040308,1156.86,1159.94,1146.97,1147.20,1254400000,1147.20
^GSPC,20040309,1147.20,1147.32,1136.84,1140.58,1499400000,1140.58
^GSPC,20040310,1140.58,1141.45,1122.53,1123.89,1648400000,1123.89
^GSPC,20040311,1123.89,1125.96,1105.87,1106.78,1889900000,1106.78
^GSPC,20040312,1106.78,1120.63,1106.78,1120.57,1388500000,1120.57
^GSPC,20040315,1120.57,1120.57,1103.36,1104.49,1600600000,1104.49
^GSPC,20040316,1104.49,1113.76,1102.61,1110.70,1500700000,1110.70
^GSPC,20040317,1110.70,1125.76,1110.70,1123.75,1490100000,1123.75
^GSPC,20040318,1123.75,1125.50,1113.25,1122.32,1369200000,1122.32
^GSPC,20040319,1122.32,1122.72,1109.69,1109.78,1457400000,1109.78
^GSPC,20040322,1109.78,1109.78,1089.54,1095.40,1452300000,1095.40
^GSPC,20040323,1095.40,1101.52,1091.57,1093.95,1458200000,1093.95
^GSPC,20040324,1093.95,1098.32,1087.16,1091.33,1527800000,1091.33
^GSPC,20040325,1091.33,1110.38,1091.33,1109.19,1471700000,1109.19
^GSPC,20040326,1109.19,1115.27,1106.13,1108.06,1319100000,1108.06
^GSPC,20040329,1108.06,1124.37,1108.06,1122.47,1405500000,1122.47
^GSPC,20040330,1122.47,1127.60,1119.66,1127.00,1332400000,1127.00
^GSPC,20040331,1127.00,1130.83,1121.46,1126.21,1560700000,1126.21
^GSPC,20040401,1126.21,1135.67,1126.20,1132.17,1560700000,1132.17
^GSPC,20040402,1132.17,1144.81,1132.17,1141.81,1629200000,1141.81
^GSPC,20040405,1141.81,1150.57,1141.64,1150.57,1413700000,1150.57
^GSPC,20040406,1150.57,1150.57,1143.30,1148.16,1397700000,1148.16
^GSPC,20040407,1148.16,1148.16,1138.41,1140.53,1458800000,1140.53
^GSPC,20040408,1140.53,1148.97,1134.52,1139.32,1199800000,1139.32
^GSPC,20040412,1139.32,1147.29,1139.32,1145.20,1102400000,1145.20
^GSPC,20040413,1145.20,1147.78,1127.70,1129.44,1423200000,1129.44
^GSPC,20040414,1129.44,1132.52,1122.15,1128.17,1547700000,1128.17
^GSPC,20040415,1128.17,1134.08,1120.75,1128.84,1568700000,1128.84
^GSPC,20040416,1128.84,1136.80,1126.90,1134.61,1487800000,1134.61
^GSPC,20040419,1134.56,1136.18,1129.84,1135.82,1194900000,1135.82
^GSPC,20040420,1135.82,1139.26,1118.09,1118.15,1508500000,1118.15
^GSPC,20040421,1118.15,1125.72,1116.03,1124.09,1738100000,1124.09
^GSPC,20040422,1124.09,1142.77,1121.95,1139.93,1826700000,1139.93
^GSPC,20040423,1139.93,1141.92,1134.81,1140.60,1396100000,1140.60
^GSPC,20040426,1140.60,1145.08,1132.91,1135.53,1290600000,1135.53
^GSPC,20040427,1135.53,1146.56,1135.53,1138.11,1518000000,1138.11
^GSPC,20040428,1138.11,1138.11,1121.70,1122.41,1855600000,1122.41
^GSPC,20040429,1122.41,1128.80,1108.04,1113.89,1859000000,1113.89
^GSPC,20040430,1113.89,1119.26,1107.23,1107.30,1634700000,1107.30
^GSPC,20040503,1107.30,1118.72,1107.30,1117.49,1571600000,1117.49
^GSPC,20040504,1117.49,1127.74,1112.89,1119.55,1662100000,1119.55
^GSPC,20040505,1119.55,1125.07,1117.90,1121.53,1469000000,1121.53
^GSPC,20040506,1121.53,1121.53,1106.30,1113.99,1509300000,1113.99
^GSPC,20040507,1113.99,1117.30,1098.63,1098.70,1653600000,1098.70
^GSPC,20040510,1098.70,1098.70,1079.63,1087.12,1918400000,1087.12
^GSPC,20040511,1087.12,1095.69,1087.12,1095.45,1533800000,1095.45
^GSPC,20040512,1095.45,1097.55,1076.32,1097.28,1697600000,1097.28
^GSPC,20040513,1097.28,1102.77,1091.76,1096.44,1411100000,1096.44
^GSPC,20040514,1096.44,1102.10,1088.24,1095.70,1335900000,1095.70
^GSPC,20040517,1095.70,1095.70,1079.36,1084.10,1430100000,1084.10
^GSPC,20040518,1084.10,1094.10,1084.10,1091.49,1353000000,1091.49
^GSPC,20040519,1091.49,1105.93,1088.49,1088.68,1548600000,1088.68
^GSPC,20040520,1088.68,1092.62,1085.43,1089.19,1211000000,1089.19
^GSPC,20040521,1089.19,1099.64,1089.19,1093.56,1258600000,1093.56
^GSPC,20040524,1093.56,1101.28,1091.77,1095.41,1227500000,1095.41
^GSPC,20040525,1095.41,1113.80,1090.74,1113.05,1545700000,1113.05
^GSPC,20040526,1113.05,1116.71,1109.91,1114.94,1369400000,1114.94
^GSPC,20040527,1114.94,1123.95,1114.86,1121.28,1447500000,1121.28
^GSPC,20040528,1121.28,1122.69,1118.10,1120.68,1172600000,1120.68
^GSPC,20040601,1120.68,1122.70,1113.32,1121.20,1238000000,1121.20
^GSPC,20040602,1121.20,1128.10,1118.64,1124.99,1251700000,1124.99
^GSPC,20040603,1124.99,1125.31,1116.57,1116.64,1232400000,1116.64
^GSPC,20040604,1116.64,1129.17,1116.64,1122.50,1115300000,1122.50
^GSPC,20040607,1122.50,1140.54,1122.50,1140.42,1211800000,1140.42
^GSPC,20040608,1140.42,1142.18,1135.45,1142.18,1190300000,1142.18
^GSPC,20040609,1142.18,1142.18,1131.17,1131.33,1276800000,1131.33
^GSPC,20040610,1131.33,1136.47,1131.33,1136.47,1160600000,1136.47
^GSPC,20040614,1136.47,1136.47,1122.16,1125.29,1179400000,1125.29
^GSPC,20040615,1125.29,1137.36,1125.29,1132.01,1345900000,1132.01
^GSPC,20040616,1132.01,1135.28,1130.55,1133.56,1168400000,1133.56
^GSPC,20040617,1133.56,1133.56,1126.89,1132.05,1296700000,1132.05
^GSPC,20040618,1132.05,1138.96,1129.83,1135.02,1500600000,1135.02
^GSPC,20040621,1135.02,1138.05,1129.64,1130.30,1123900000,1130.30
^GSPC,20040622,1130.30,1135.05,1124.37,1134.41,1382300000,1134.41
^GSPC,20040623,1134.41,1145.15,1131.73,1144.06,1444200000,1144.06
^GSPC,20040624,1144.06,1146.34,1139.94,1140.65,1394900000,1140.65
^GSPC,20040625,1140.65,1145.97,1134.24,1134.43,1812900000,1134.43
^GSPC,20040628,1134.43,1142.60,1131.72,1133.35,1354600000,1133.35
^GSPC,20040629,1133.35,1138.26,1131.81,1136.20,1375000000,1136.20
^GSPC,20040630,1136.20,1144.20,1133.62,1140.84,1473800000,1140.84
^GSPC,20040701,1140.84,1140.84,1123.06,1128.94,1495700000,1128.94
^GSPC,20040702,1128.94,1129.15,1123.26,1125.38,1085000000,1125.38
^GSPC,20040706,1125.38,1125.38,1113.21,1116.21,1283300000,1116.21
^GSPC,20040707,1116.21,1122.37,1114.92,1118.33,1328600000,1118.33
^GSPC,20040708,1118.33,1119.12,1108.72,1109.11,1401100000,1109.11
^GSPC,20040709,1109.11,1115.57,1109.11,1112.81,1186300000,1112.81
^GSPC,20040712,1112.81,1116.11,1106.71,1114.35,1114600000,1114.35
^GSPC,20040713,1114.35,1116.30,1112.99,1115.14,1199700000,1115.14
^GSPC,20040714,1115.14,1119.60,1107.83,1111.47,1462000000,1111.47
^GSPC,20040715,1111.47,1114.63,1106.67,1106.69,1408700000,1106.69
^GSPC,20040716,1106.69,1112.17,1101.07,1101.39,1450300000,1101.39
^GSPC,20040719,1101.39,1105.52,1096.55,1100.90,1319900000,1100.90
^GSPC,20040720,1100.90,1108.88,1099.10,1108.67,1445800000,1108.67
^GSPC,20040721,1108.67,1116.27,1093.88,1093.88,1679500000,1093.88
^GSPC,20040722,1093.88,1099.66,1084.16,1096.84,1680800000,1096.84
^GSPC,20040723,1096.84,1096.84,1083.56,1086.20,1337500000,1086.20
^GSPC,20040726,1086.20,1089.82,1078.78,1084.07,1413400000,1084.07
^GSPC,20040727,1084.07,1096.65,1084.07,1094.83,1610800000,1094.83
^GSPC,20040728,1094.83,1098.84,1082.17,1095.42,1554300000,1095.42
^GSPC,20040729,1095.42,1103.51,1095.42,1100.43,1530100000,1100.43
^GSPC,20040730,1100.43,1103.73,1096.96,1101.72,1298200000,1101.72
^GSPC,20040802,1101.72,1108.60,1097.34,1106.62,1276000000,1106.62
^GSPC,20040803,1106.62,1106.62,1099.26,1099.69,1338300000,1099.69
^GSPC,20040804,1099.69,1102.45,1092.40,1098.63,1369200000,1098.63
^GSPC,20040805,1098.63,1098.79,1079.98,1080.70,1397400000,1080.70
^GSPC,20040806,1080.70,1080.70,1062.23,1063.97,1521000000,1063.97
^GSPC,20040809,1063.97,1069.46,1063.97,1065.22,1086000000,1065.22
^GSPC,20040810,1065.22,1079.04,1065.22,1079.04,1245600000,1079.04
^GSPC,20040811,1079.04,1079.04,1065.92,1075.79,1410400000,1075.79
^GSPC,20040812,1075.79,1075.79,1062.82,1063.23,1405100000,1063.23
^GSPC,20040813,1063.23,1067.58,1060.72,1064.80,1175100000,1064.80
^GSPC,20040816,1064.80,1080.66,1064.80,1079.34,1206200000,1079.34
^GSPC,20040817,1079.34,1086.78,1079.34,1081.71,1267800000,1081.71
^GSPC,20040818,1081.71,1095.17,1078.93,1095.17,1282500000,1095.17
^GSPC,20040819,1095.17,1095.17,1086.28,1091.23,1249400000,1091.23
^GSPC,20040820,1091.23,1100.26,1089.57,1098.35,1199900000,1098.35
^GSPC,20040823,1098.35,1101.40,1094.73,1095.68,1021900000,1095.68
^GSPC,20040824,1095.68,1100.94,1092.82,1096.19,1092500000,1096.19
^GSPC,20040825,1096.19,1106.29,1093.24,1104.96,1192200000,1104.96
^GSPC,20040826,1104.96,1106.78,1102.46,1105.09,1023600000,1105.09
^GSPC,20040827,1105.09,1109.68,1104.62,1107.77,845400000,1107.77
^GSPC,20040830,1107.77,1107.77,1099.15,1099.15,843100000,1099.15
^GSPC,20040831,1099.15,1104.24,1094.72,1104.24,1138200000,1104.24
^GSPC,20040901,1104.24,1109.24,1099.18,1105.91,1142100000,1105.91
^GSPC,20040902,1105.91,1119.11,1105.60,1118.31,1118400000,1118.31
^GSPC,20040903,1118.31,1120.80,1113.57,1113.63,924170000,1113.63
^GSPC,20040907,1113.63,1124.08,1113.63,1121.30,1214400000,1121.30
^GSPC,20040908,1121.30,1123.05,1116.27,1116.27,1246300000,1116.27
^GSPC,20040909,1116.27,1121.30,1113.62,1118.38,1371300000,1118.38
^GSPC,20040910,1118.38,1125.26,1114.39,1123.92,1261200000,1123.92
^GSPC,20040913,1123.92,1129.78,1123.35,1125.82,1299800000,1125.82
^GSPC,20040914,1125.82,1129.46,1124.72,1128.33,1204500000,1128.33
^GSPC,20040915,1128.33,1128.33,1119.82,1120.37,1256000000,1120.37
^GSPC,20040916,1120.37,1126.06,1120.37,1123.50,1113900000,1123.50
^GSPC,20040917,1123.50,1130.14,1123.50,1128.55,1422600000,1128.55
^GSPC,20040920,1128.55,1128.55,1120.34,1122.20,1197600000,1122.20
^GSPC,20040921,1122.20,1131.54,1122.20,1129.30,1325000000,1129.30
^GSPC,20040922,1129.30,1129.30,1112.67,1113.56,1379900000,1113.56
^GSPC,20040923,1113.56,1113.61,1108.05,1108.36,1286300000,1108.36
^GSPC,20040924,1108.36,1113.81,1108.36,1110.11,1255400000,1110.11
^GSPC,20040927,1110.11,1110.11,1103.24,1103.52,1263500000,1103.52
^GSPC,20040928,1103.52,1111.77,1101.29,1110.06,1396600000,1110.06
^GSPC,20040929,1110.06,1114.80,1107.42,1114.80,1402900000,1114.80
^GSPC,20040930,1114.80,1116.31,1109.68,1114.58,1748000000,1114.58
^GSPC,20041001,1114.58,1131.64,1114.58,1131.50,1582200000,1131.50
^GSPC,20041004,1131.50,1140.13,1131.50,1135.17,1534000000,1135.17
^GSPC,20041005,1135.17,1137.87,1132.03,1134.48,1418400000,1134.48
^GSPC,20041006,1134.48,1142.05,1132.94,1142.05,1416700000,1142.05
^GSPC,20041007,1142.05,1142.05,1130.50,1130.65,1447500000,1130.65
^GSPC,20041008,1130.65,1132.92,1120.19,1122.14,1291600000,1122.14
^GSPC,20041011,1122.14,1126.20,1122.14,1124.39,943800000,1124.39
^GSPC,20041012,1124.39,1124.39,1115.77,1121.84,1320100000,1121.84
^GSPC,20041013,1121.84,1127.01,1109.63,1113.65,1546200000,1113.65
^GSPC,20041014,1113.65,1114.96,1102.06,1103.29,1489500000,1103.29
^GSPC,20041015,1103.29,1113.17,1102.14,1108.20,1645100000,1108.20
^GSPC,20041018,1108.20,1114.46,1103.33,1114.02,1373300000,1114.02
^GSPC,20041019,1114.02,1117.96,1103.15,1103.23,1737500000,1103.23
^GSPC,20041020,1103.23,1104.09,1094.25,1103.66,1685700000,1103.66
^GSPC,20041021,1103.66,1108.87,1098.47,1106.49,1673000000,1106.49
^GSPC,20041022,1106.49,1108.14,1095.47,1095.74,1469600000,1095.74
^GSPC,20041025,1095.74,1096.81,1090.29,1094.80,1380500000,1094.80
^GSPC,20041026,1094.81,1111.10,1094.81,1111.09,1685400000,1111.09
^GSPC,20041027,1111.09,1126.29,1107.43,1125.40,1741900000,1125.40
^GSPC,20041028,1125.34,1130.67,1120.60,1127.44,1628200000,1127.44
^GSPC,20041029,1127.44,1131.40,1124.62,1130.20,1500800000,1130.20
^GSPC,20041101,1130.20,1133.41,1127.60,1130.51,1395900000,1130.51
^GSPC,20041102,1130.51,1140.48,1128.12,1130.56,1659000000,1130.56
^GSPC,20041103,1130.54,1147.57,1130.54,1143.20,1767500000,1143.20
^GSPC,20041104,1143.20,1161.67,1142.34,1161.67,1782700000,1161.67
^GSPC,20041105,1161.67,1170.87,1160.66,1166.17,1724400000,1166.17
^GSPC,20041108,1166.17,1166.77,1162.32,1164.89,1358700000,1164.89
^GSPC,20041109,1164.89,1168.96,1162.48,1164.08,1450800000,1164.08
^GSPC,20041110,1164.08,1169.25,1162.51,1162.91,1504300000,1162.91
^GSPC,20041111,1162.91,1174.80,1162.91,1173.48,1393000000,1173.48
^GSPC,20041112,1173.48,1184.17,1171.43,1184.17,1531600000,1184.17
^GSPC,20041115,1184.17,1184.48,1179.85,1183.81,1453300000,1183.81
^GSPC,20041116,1183.81,1183.81,1175.32,1175.43,1364400000,1175.43
^GSPC,20041117,1175.43,1188.46,1175.43,1181.94,1684200000,1181.94
^GSPC,20041118,1181.94,1184.90,1180.15,1183.55,1456700000,1183.55
^GSPC,20041119,1183.55,1184.00,1169.19,1170.34,1526600000,1170.34
^GSPC,20041122,1170.34,1178.18,1167.89,1177.24,1392700000,1177.24
^GSPC,20041123,1177.24,1179.52,1171.41,1176.94,1428300000,1176.94
^GSPC,20041124,1176.94,1182.46,1176.94,1181.76,1149600000,1181.76
^GSPC,20041126,1181.76,1186.62,1181.08,1182.65,504580000,1182.65
^GSPC,20041129,1182.65,1186.94,1172.37,1178.57,1378500000,1178.57
^GSPC,20041130,1178.57,1178.66,1173.81,1173.82,1553500000,1173.82
^GSPC,20041201,1173.78,1191.37,1173.78,1191.37,1772800000,1191.37
^GSPC,20041202,1191.37,1194.80,1186.72,1190.33,1774900000,1190.33
^GSPC,20041203,1190.33,1197.46,1187.71,1191.17,1566700000,1191.17
^GSPC,20041206,1191.17,1192.41,1185.18,1190.25,1354400000,1190.25
^GSPC,20041207,1190.25,1192.17,1177.07,1177.07,1533900000,1177.07
^GSPC,20041208,1177.07,1184.05,1177.07,1182.81,1525200000,1182.81
^GSPC,20041209,1182.81,1190.51,1173.79,1189.24,1624700000,1189.24
^GSPC,20041210,1189.24,1191.45,1185.24,1188.00,1443700000,1188.00
^GSPC,20041213,1188.00,1198.74,1188.00,1198.68,1436100000,1198.68
^GSPC,20041214,1198.68,1205.29,1197.84,1203.38,1544400000,1203.38
^GSPC,20041215,1203.38,1206.61,1199.44,1205.72,1695800000,1205.72
^GSPC,20041216,1205.72,1207.97,1198.41,1203.21,1793900000,1203.21
^GSPC,20041217,1203.21,1203.21,1193.49,1194.20,2335000000,1194.20
^GSPC,20041220,1194.20,1203.43,1193.36,1194.65,1422800000,1194.65
^GSPC,20041221,1194.65,1205.93,1194.65,1205.45,1483700000,1205.45
^GSPC,20041222,1205.45,1211.42,1203.85,1209.57,1390800000,1209.57
^GSPC,20041223,1209.57,1213.66,1208.71,1210.13,956100000,1210.13
^GSPC,20041227,1210.13,1214.13,1204.92,1204.92,922000000,1204.92
^GSPC,20041228,1204.92,1213.54,1204.92,1213.54,983000000,1213.54
^GSPC,20041229,1213.54,1213.85,1210.95,1213.45,925900000,1213.45
^GSPC,20041230,1213.45,1216.47,1213.41,1213.55,829800000,1213.55
^GSPC,20041231,1213.55,1217.33,1211.65,1211.92,786900000,1211.92
^GSPC,20050103,1211.92,1217.80,1200.32,1202.08,1510800000,1202.08
^GSPC,20050104,1202.08,1205.84,1185.39,1188.05,1721000000,1188.05
^GSPC,20050105,1188.05,1192.73,1183.72,1183.74,1738900000,1183.74
^GSPC,20050106,1183.74,1191.63,1183.27,1187.89,1569100000,1187.89
^GSPC,20050107,1187.89,1192.20,1182.16,1186.19,1477900000,1186.19
^GSPC,20050110,1186.19,1194.78,1184.80,1190.25,1490400000,1190.25
^GSPC,20050111,1190.25,1190.25,1180.43,1182.99,1488800000,1182.99
^GSPC,20050112,1182.99,1187.92,1175.64,1187.70,1562100000,1187.70
^GSPC,20050113,1187.70,1187.70,1175.81,1177.45,1510300000,1177.45
^GSPC,20050114,1177.45,1185.21,1177.45,1184.52,1335400000,1184.52
^GSPC,20050118,1184.52,1195.98,1180.10,1195.98,1596800000,1195.98
^GSPC,20050119,1195.98,1195.98,1184.41,1184.63,1498700000,1184.63
^GSPC,20050120,1184.63,1184.63,1173.42,1175.41,1692000000,1175.41
^GSPC,20050121,1175.41,1179.45,1167.82,1167.87,1643500000,1167.87
^GSPC,20050124,1167.87,1173.03,1163.75,1163.75,1494600000,1163.75
^GSPC,20050125,1163.75,1174.30,1163.75,1168.41,1610400000,1168.41
^GSPC,20050126,1168.41,1175.96,1168.41,1174.07,1635900000,1174.07
^GSPC,20050127,1174.07,1177.50,1170.15,1174.55,1600600000,1174.55
^GSPC,20050128,1174.55,1175.61,1166.25,1171.36,1641800000,1171.36
^GSPC,20050131,1171.36,1182.07,1171.36,1181.27,1679800000,1181.27
^GSPC,20050201,1181.27,1190.39,1180.95,1189.41,1681980000,1189.41
^GSPC,20050202,1189.41,1195.25,1188.92,1193.19,1561740000,1193.19
^GSPC,20050203,1193.19,1193.19,1185.64,1189.89,1554460000,1189.89
^GSPC,20050204,1189.89,1203.47,1189.67,1203.03,1648160000,1203.03
^GSPC,20050207,1203.03,1204.15,1199.27,1201.72,1347270000,1201.72
^GSPC,20050208,1201.72,1205.11,1200.16,1202.30,1416170000,1202.30
^GSPC,20050209,1202.30,1203.83,1191.54,1191.99,1511040000,1191.99
^GSPC,20050210,1191.99,1198.75,1191.54,1197.01,1491670000,1197.01
^GSPC,20050211,1197.01,1208.38,1193.28,1205.30,1562300000,1205.30
^GSPC,20050214,1205.30,1206.93,1203.59,1206.14,1290180000,1206.14
^GSPC,20050215,1206.14,1212.44,1205.52,1210.12,1527080000,1210.12
^GSPC,20050216,1210.12,1212.44,1205.06,1210.34,1490100000,1210.34
^GSPC,20050217,1210.34,1211.33,1200.74,1200.75,1580120000,1200.75
^GSPC,20050218,1200.75,1202.92,1197.35,1201.59,1551200000,1201.59
^GSPC,20050222,1201.59,1202.48,1184.16,1184.16,1744940000,1184.16
^GSPC,20050223,1184.16,1193.52,1184.16,1190.80,1501090000,1190.80
^GSPC,20050224,1190.80,1200.42,1187.80,1200.20,1518750000,1200.20
^GSPC,20050225,1200.20,1212.15,1199.61,1211.37,1523680000,1211.37
^GSPC,20050228,1211.37,1211.37,1198.13,1203.60,1795480000,1203.60
^GSPC,20050301,1203.60,1212.25,1203.60,1210.41,1708060000,1210.41
^GSPC,20050302,1210.41,1215.79,1204.22,1210.08,1568540000,1210.08
^GSPC,20050303,1210.08,1215.72,1204.45,1210.47,1616240000,1210.47
^GSPC,20050304,1210.47,1224.76,1210.47,1222.12,1636820000,1222.12
^GSPC,20050307,1222.12,1229.11,1222.12,1225.31,1488830000,1225.31
^GSPC,20050308,1225.31,1225.69,1218.57,1219.43,1523090000,1219.43
^GSPC,20050309,1219.43,1219.43,1206.66,1207.01,1704970000,1207.01
^GSPC,20050310,1207.01,1211.23,1201.41,1209.25,1604020000,1209.25
^GSPC,20050311,1209.25,1213.04,1198.15,1200.08,1449820000,1200.08
^GSPC,20050314,1200.08,1206.83,1199.51,1206.83,1437430000,1206.83
^GSPC,20050315,1206.83,1210.54,1197.75,1197.75,1513530000,1197.75
^GSPC,20050316,1197.75,1197.75,1185.61,1188.07,1653190000,1188.07
^GSPC,20050317,1188.07,1193.28,1186.34,1190.21,1581930000,1190.21
^GSPC,20050318,1190.21,1191.98,1182.78,1189.65,2344370000,1189.65
^GSPC,20050321,1189.65,1189.65,1178.82,1183.78,1819440000,1183.78
^GSPC,20050322,1183.78,1189.59,1171.63,1171.71,2114470000,1171.71
^GSPC,20050323,1171.71,1176.26,1168.70,1172.53,2246870000,1172.53
^GSPC,20050324,1172.53,1180.11,1171.42,1171.42,1721720000,1171.42
^GSPC,20050328,1171.42,1179.91,1171.42,1174.28,1746220000,1174.28
^GSPC,20050329,1174.28,1179.39,1163.69,1165.36,2223250000,1165.36
^GSPC,20050330,1165.36,1181.54,1165.36,1181.41,2097110000,1181.41
^GSPC,20050331,1181.41,1184.53,1179.49,1180.59,2214230000,1180.59
^GSPC,20050401,1180.59,1189.80,1169.91,1172.92,2168690000,1172.92
^GSPC,20050404,1172.79,1178.61,1167.72,1176.12,2079770000,1176.12
^GSPC,20050405,1176.12,1183.56,1176.12,1181.39,1870800000,1181.39
^GSPC,20050406,1181.39,1189.34,1181.39,1184.07,1797400000,1184.07
^GSPC,20050407,1184.07,1191.88,1183.81,1191.14,1900620000,1191.14
^GSPC,20050408,1191.14,1191.75,1181.13,1181.20,1661330000,1181.20
^GSPC,20050411,1181.20,1184.07,1178.69,1181.21,1525310000,1181.21
^GSPC,20050412,1181.21,1190.17,1170.85,1187.76,1979830000,1187.76
^GSPC,20050413,1187.76,1187.76,1171.40,1173.79,2049740000,1173.79
^GSPC,20050414,1173.79,1174.67,1161.70,1162.05,2355040000,1162.05
^GSPC,20050415,1162.05,1162.05,1141.92,1142.62,2689960000,1142.62
^GSPC,20050418,1142.62,1148.92,1139.80,1145.98,2180670000,1145.98
^GSPC,20050419,1145.98,1154.67,1145.98,1152.78,2142700000,1152.78
^GSPC,20050420,1152.78,1155.50,1136.15,1137.50,2217050000,1137.50
^GSPC,20050421,1137.50,1159.95,1137.50,1159.95,2308560000,1159.95
^GSPC,20050422,1159.95,1159.95,1142.95,1152.12,2045880000,1152.12
^GSPC,20050425,1152.12,1164.05,1152.12,1162.10,1795030000,1162.10
^GSPC,20050426,1162.10,1164.80,1151.83,1151.83,1959740000,1151.83
^GSPC,20050427,1151.74,1159.87,1144.42,1156.38,2151520000,1156.38
^GSPC,20050428,1156.38,1156.38,1143.22,1143.22,2182270000,1143.22
^GSPC,20050429,1143.22,1156.97,1139.19,1156.85,2362360000,1156.85
^GSPC,20050502,1156.85,1162.87,1154.71,1162.16,1980040000,1162.16
^GSPC,20050503,1162.16,1166.89,1156.71,1161.17,2167020000,1161.17
^GSPC,20050504,1161.17,1176.01,1161.17,1175.65,2306480000,1175.65
^GSPC,20050505,1175.65,1178.62,1166.77,1172.63,1997100000,1172.63
^GSPC,20050506,1172.63,1177.75,1170.50,1171.35,1707200000,1171.35
^GSPC,20050509,1171.35,1178.87,1169.38,1178.84,1857020000,1178.84
^GSPC,20050510,1178.84,1178.84,1162.98,1166.22,1889660000,1166.22
^GSPC,20050511,1166.22,1171.77,1157.71,1171.11,1834970000,1171.11
^GSPC,20050512,1171.11,1173.37,1157.76,1159.36,1995290000,1159.36
^GSPC,20050513,1159.36,1163.75,1146.18,1154.05,2188590000,1154.05
^GSPC,20050516,1154.05,1165.75,1153.64,1165.69,1856860000,1165.69
^GSPC,20050517,1165.69,1174.35,1159.86,1173.80,1887260000,1173.80
^GSPC,20050518,1173.80,1187.90,1173.80,1185.56,2266320000,1185.56
^GSPC,20050519,1185.56,1191.09,1184.49,1191.08,1775860000,1191.08
^GSPC,20050520,1191.08,1191.22,1185.19,1189.28,1631750000,1189.28
^GSPC,20050523,1189.28,1197.44,1188.76,1193.86,1681170000,1193.86
^GSPC,20050524,1193.86,1195.29,1189.87,1194.07,1681000000,1194.07
^GSPC,20050525,1194.07,1194.07,1185.96,1190.01,1742180000,1190.01
^GSPC,20050526,1190.01,1198.95,1190.01,1197.62,1654110000,1197.62
^GSPC,20050527,1197.62,1199.56,1195.28,1198.78,1381430000,1198.78
^GSPC,20050531,1198.78,1198.78,1191.50,1191.50,1840680000,1191.50
^GSPC,20050601,1191.50,1205.64,1191.03,1202.22,1810100000,1202.22
^GSPC,20050602,1202.27,1204.67,1198.42,1204.29,1813790000,1204.29
^GSPC,20050603,1204.29,1205.09,1194.55,1196.02,1627520000,1196.02
^GSPC,20050606,1196.02,1198.78,1192.75,1197.51,1547120000,1197.51
^GSPC,20050607,1197.51,1208.85,1197.26,1197.26,1851370000,1197.26
^GSPC,20050608,1197.26,1201.97,1193.33,1194.67,1715490000,1194.67
^GSPC,20050609,1194.67,1201.86,1191.09,1200.93,1824120000,1200.93
^GSPC,20050610,1200.93,1202.79,1192.64,1198.11,1664180000,1198.11
^GSPC,20050613,1198.11,1206.03,1194.51,1200.82,1661350000,1200.82
^GSPC,20050614,1200.82,1207.53,1200.18,1203.91,1698150000,1203.91
^GSPC,20050615,1203.91,1208.08,1198.66,1206.58,1840440000,1206.58
^GSPC,20050616,1206.55,1212.10,1205.47,1210.96,1776040000,1210.96
^GSPC,20050617,1210.93,1219.55,1210.93,1216.96,2407370000,1216.96
^GSPC,20050620,1216.96,1219.10,1210.65,1216.10,1714530000,1216.10
^GSPC,20050621,1216.10,1217.13,1211.86,1213.61,1720700000,1213.61
^GSPC,20050622,1213.61,1219.59,1211.69,1213.88,1823250000,1213.88
^GSPC,20050623,1213.88,1216.45,1200.72,1200.73,2029920000,1200.73
^GSPC,20050624,1200.73,1200.90,1191.45,1191.57,2418800000,1191.57
^GSPC,20050627,1191.57,1194.33,1188.30,1190.69,1738620000,1190.69
^GSPC,20050628,1190.69,1202.54,1190.69,1201.57,1772410000,1201.57
^GSPC,20050629,1201.57,1204.07,1198.70,1199.85,1769280000,1199.85
^GSPC,20050630,1199.85,1203.27,1190.51,1191.33,2109490000,1191.33
^GSPC,20050701,1191.33,1197.89,1191.33,1194.44,1593820000,1194.44
^GSPC,20050705,1194.44,1206.34,1192.49,1204.99,1805820000,1204.99
^GSPC,20050706,1204.99,1206.11,1194.78,1194.94,1883470000,1194.94
^GSPC,20050707,1194.94,1198.46,1183.55,1197.87,1952440000,1197.87
^GSPC,20050708,1197.87,1212.73,1197.20,1211.86,1900810000,1211.86
^GSPC,20050711,1211.86,1220.03,1211.86,1219.44,1846300000,1219.44
^GSPC,20050712,1219.44,1225.54,1216.60,1222.21,1932010000,1222.21
^GSPC,20050713,1222.21,1224.46,1219.64,1223.29,1812500000,1223.29
^GSPC,20050714,1223.29,1233.16,1223.29,1226.50,2048710000,1226.50
^GSPC,20050715,1226.50,1229.53,1223.50,1227.92,1716400000,1227.92
^GSPC,20050718,1227.92,1227.92,1221.13,1221.13,1582100000,1221.13
^GSPC,20050719,1221.13,1230.34,1221.13,1229.35,2041280000,1229.35
^GSPC,20050720,1229.35,1236.56,1222.91,1235.20,2063340000,1235.20
^GSPC,20050721,1235.20,1235.83,1224.70,1227.04,2129840000,1227.04
^GSPC,20050722,1227.04,1234.19,1226.15,1233.68,1766990000,1233.68
^GSPC,20050725,1233.68,1238.36,1228.15,1229.03,1717580000,1229.03
^GSPC,20050726,1229.03,1234.42,1229.03,1231.16,1934180000,1231.16
^GSPC,20050727,1231.16,1237.64,1230.15,1236.79,1945800000,1236.79
^GSPC,20050728,1236.79,1245.15,1235.81,1243.72,2001680000,1243.72
^GSPC,20050729,1243.72,1245.04,1234.18,1234.18,1789600000,1234.18
^GSPC,20050801,1234.18,1239.10,1233.80,1235.35,1716870000,1235.35
^GSPC,20050802,1235.35,1244.69,1235.35,1244.12,2043120000,1244.12
^GSPC,20050803,1244.12,1245.86,1240.57,1245.04,1999980000,1245.04
^GSPC,20050804,1245.04,1245.04,1235.15,1235.86,1981220000,1235.86
^GSPC,20050805,1235.86,1235.86,1225.62,1226.42,1930280000,1226.42
^GSPC,20050808,1226.42,1232.28,1222.67,1223.13,1804140000,1223.13
^GSPC,20050809,1223.13,1234.11,1223.13,1231.38,1897520000,1231.38
^GSPC,20050810,1231.38,1242.69,1226.58,1229.13,2172320000,1229.13
^GSPC,20050811,1229.13,1237.81,1228.33,1237.81,1941560000,1237.81
^GSPC,20050812,1237.81,1237.81,1225.87,1230.39,1709300000,1230.39
^GSPC,20050815,1230.40,1236.24,1226.20,1233.87,1562880000,1233.87
^GSPC,20050816,1233.87,1233.87,1219.05,1219.34,1820410000,1219.34
^GSPC,20050817,1219.34,1225.63,1218.07,1220.24,1859150000,1220.24
^GSPC,20050818,1220.24,1222.64,1215.93,1219.02,1808170000,1219.02
^GSPC,20050819,1219.02,1225.08,1219.02,1219.71,1558790000,1219.71
^GSPC,20050822,1219.71,1228.96,1216.47,1221.73,1621330000,1221.73
^GSPC,20050823,1221.73,1223.04,1214.44,1217.59,1678620000,1217.59
^GSPC,20050824,1217.57,1224.15,1209.37,1209.59,1930800000,1209.59
^GSPC,20050825,1209.59,1213.73,1209.57,1212.37,1571110000,1212.37
^GSPC,20050826,1212.40,1212.40,1204.23,1205.10,1541090000,1205.10
^GSPC,20050829,1205.10,1214.28,1201.53,1212.28,1599450000,1212.28
^GSPC,20050830,1212.28,1212.28,1201.07,1208.41,1916470000,1208.41
^GSPC,20050831,1208.41,1220.36,1204.40,1220.33,2365510000,1220.33
^GSPC,20050901,1220.33,1227.29,1216.18,1221.59,2229860000,1221.59
^GSPC,20050902,1221.59,1224.45,1217.75,1218.02,1640160000,1218.02
^GSPC,20050906,1218.02,1233.61,1218.02,1233.39,1932090000,1233.39
^GSPC,20050907,1233.39,1237.06,1230.93,1236.36,2067700000,1236.36
^GSPC,20050908,1236.36,1236.36,1229.51,1231.67,1955380000,1231.67
^GSPC,20050909,1231.67,1243.13,1231.67,1241.48,1992560000,1241.48
^GSPC,20050912,1241.48,1242.60,1239.15,1240.56,1938050000,1240.56
^GSPC,20050913,1240.57,1240.57,1231.20,1231.20,2082360000,1231.20
^GSPC,20050914,1231.20,1234.74,1226.16,1227.16,1986750000,1227.16
^GSPC,20050915,1227.16,1231.88,1224.85,1227.73,2079340000,1227.73
^GSPC,20050916,1228.42,1237.95,1228.42,1237.91,3152470000,1237.91
^GSPC,20050919,1237.91,1237.91,1227.65,1231.02,2076540000,1231.02
^GSPC,20050920,1231.02,1236.49,1220.07,1221.34,2319250000,1221.34
^GSPC,20050921,1221.34,1221.52,1209.89,1210.20,2548150000,1210.20
^GSPC,20050922,1210.20,1216.64,1205.35,1214.62,2424720000,1214.62
^GSPC,20050923,1214.62,1218.83,1209.80,1215.29,1973020000,1215.29
^GSPC,20050926,1215.29,1222.56,1211.84,1215.63,2022220000,1215.63
^GSPC,20050927,1215.63,1220.17,1211.11,1215.66,1976270000,1215.66
^GSPC,20050928,1215.66,1220.98,1212.72,1216.89,2106980000,1216.89
^GSPC,20050929,1216.89,1228.70,1211.54,1227.68,2176120000,1227.68
^GSPC,20050930,1227.68,1229.57,1225.22,1228.81,2097520000,1228.81
^GSPC,20051003,1228.81,1233.34,1225.15,1226.70,2097490000,1226.70
^GSPC,20051004,1226.70,1229.88,1214.02,1214.47,2341420000,1214.47
^GSPC,20051005,1214.47,1214.47,1196.25,1196.39,2546780000,1196.39
^GSPC,20051006,1196.39,1202.14,1181.92,1191.49,2792030000,1191.49
^GSPC,20051007,1191.49,1199.71,1191.46,1195.90,2126080000,1195.90
^GSPC,20051010,1195.90,1196.52,1186.12,1187.33,2195990000,1187.33
^GSPC,20051011,1187.33,1193.10,1183.16,1184.87,2299040000,1184.87
^GSPC,20051012,1184.87,1190.02,1173.65,1177.68,2491280000,1177.68
^GSPC,20051013,1177.68,1179.56,1168.20,1176.84,2351150000,1176.84
^GSPC,20051014,1176.84,1187.13,1175.44,1186.57,2188940000,1186.57
^GSPC,20051017,1186.57,1191.21,1184.48,1190.10,2054570000,1190.10
^GSPC,20051018,1190.10,1190.10,1178.13,1178.14,2197010000,1178.14
^GSPC,20051019,1178.14,1195.76,1170.55,1195.76,2703590000,1195.76
^GSPC,20051020,1195.76,1197.30,1173.30,1177.80,2617250000,1177.80
^GSPC,20051021,1177.80,1186.46,1174.92,1179.59,2470920000,1179.59
^GSPC,20051024,1179.59,1199.39,1179.59,1199.38,2197790000,1199.38
^GSPC,20051025,1199.38,1201.30,1189.29,1196.54,2312470000,1196.54
^GSPC,20051026,1196.54,1204.01,1191.38,1191.38,2467750000,1191.38
^GSPC,20051027,1191.38,1192.65,1178.89,1178.90,2395370000,1178.90
^GSPC,20051028,1178.90,1198.41,1178.90,1198.41,2379400000,1198.41
^GSPC,20051031,1198.41,1211.43,1198.41,1207.01,2567470000,1207.01
^GSPC,20051101,1207.01,1207.34,1201.66,1202.76,2457850000,1202.76
^GSPC,20051102,1202.76,1215.17,1201.07,1214.76,2648090000,1214.76
^GSPC,20051103,1214.76,1224.70,1214.76,1219.94,2716630000,1219.94
^GSPC,20051104,1219.94,1222.52,1214.45,1220.14,2050510000,1220.14
^GSPC,20051107,1220.14,1224.18,1217.29,1222.81,1987580000,1222.81
^GSPC,20051108,1222.81,1222.81,1216.08,1218.59,1965050000,1218.59
^GSPC,20051109,1218.59,1226.59,1216.53,1220.65,2214460000,1220.65
^GSPC,20051110,1220.65,1232.41,1215.05,1230.96,2378460000,1230.96
^GSPC,20051111,1230.96,1235.70,1230.72,1234.72,1773140000,1234.72
^GSPC,20051114,1234.72,1237.20,1231.78,1233.76,1899780000,1233.76
^GSPC,20051115,1233.76,1237.94,1226.41,1229.01,2359370000,1229.01
^GSPC,20051116,1229.01,1232.24,1227.18,1231.21,2121580000,1231.21
^GSPC,20051117,1231.21,1242.96,1231.21,1242.80,2298040000,1242.80
^GSPC,20051118,1242.80,1249.58,1240.71,1248.27,2453290000,1248.27
^GSPC,20051121,1248.27,1255.89,1246.90,1254.85,2117350000,1254.85
^GSPC,20051122,1254.85,1261.90,1251.40,1261.23,2291420000,1261.23
^GSPC,20051123,1261.23,1270.64,1259.51,1265.61,1985400000,1265.61
^GSPC,20051125,1265.61,1268.78,1265.54,1268.25,724940000,1268.25
^GSPC,20051128,1268.25,1268.44,1257.17,1257.46,2016900000,1257.46
^GSPC,20051129,1257.46,1266.18,1257.46,1257.48,2268340000,1257.48
^GSPC,20051130,1257.48,1260.93,1249.39,1249.48,2374690000,1249.48
^GSPC,20051201,1249.48,1266.17,1249.48,1264.67,2614830000,1264.67
^GSPC,20051202,1264.67,1266.85,1261.42,1265.08,2125580000,1265.08
^GSPC,20051205,1265.08,1265.08,1258.12,1262.09,2325840000,1262.09
^GSPC,20051206,1262.09,1272.89,1262.09,1263.70,2110740000,1263.70
^GSPC,20051207,1263.70,1264.85,1253.02,1257.37,2093830000,1257.37
^GSPC,20051208,1257.37,1263.36,1250.91,1255.84,2178300000,1255.84
^GSPC,20051209,1255.84,1263.08,1254.24,1259.37,1896290000,1259.37
^GSPC,20051212,1259.37,1263.86,1255.52,1260.43,1876550000,1260.43
^GSPC,20051213,1260.43,1272.11,1258.56,1267.43,2390020000,1267.43
^GSPC,20051214,1267.43,1275.80,1267.07,1272.74,2145520000,1272.74
^GSPC,20051215,1272.74,1275.17,1267.74,1270.94,2180590000,1270.94
^GSPC,20051216,1270.94,1275.24,1267.32,1267.32,2584190000,1267.32
^GSPC,20051219,1267.32,1270.51,1259.28,1259.92,2208810000,1259.92
^GSPC,20051220,1259.92,1263.86,1257.21,1259.62,1996690000,1259.62
^GSPC,20051221,1259.62,1269.37,1259.62,1262.79,2065170000,1262.79
^GSPC,20051222,1262.79,1268.19,1262.50,1268.12,1888500000,1268.12
^GSPC,20051223,1268.12,1269.76,1265.92,1268.66,1285810000,1268.66
^GSPC,20051227,1268.66,1271.83,1256.54,1256.54,1540470000,1256.54
^GSPC,20051228,1256.54,1261.10,1256.54,1258.17,1422360000,1258.17
^GSPC,20051229,1258.17,1260.61,1254.18,1254.42,1382540000,1254.42
^GSPC,20051230,1254.42,1254.42,1246.59,1248.29,1443500000,1248.29
^GSPC,20060103,1248.29,1270.22,1245.74,1268.80,2554570000,1268.80
^GSPC,20060104,1268.80,1275.37,1267.74,1273.46,2515330000,1273.46
^GSPC,20060105,1273.46,1276.91,1270.30,1273.48,2433340000,1273.48
^GSPC,20060106,1273.48,1286.09,1273.48,1285.45,2446560000,1285.45
^GSPC,20060109,1285.45,1290.78,1284.82,1290.15,2301490000,1290.15
^GSPC,20060110,1290.15,1290.15,1283.76,1289.69,2373080000,1289.69
^GSPC,20060111,1289.72,1294.90,1288.12,1294.18,2406130000,1294.18
^GSPC,20060112,1294.18,1294.18,1285.04,1286.06,2318350000,1286.06
^GSPC,20060113,1286.06,1288.96,1282.78,1287.61,2206510000,1287.61
^GSPC,20060117,1287.61,1287.61,1278.61,1282.93,2179970000,1282.93
^GSPC,20060118,1282.93,1282.93,1272.08,1277.93,2233200000,1277.93
^GSPC,20060119,1277.93,1287.79,1277.93,1285.04,2444020000,1285.04
^GSPC,20060120,1285.04,1285.04,1260.92,1261.49,2845810000,1261.49
^GSPC,20060123,1261.49,1268.19,1261.49,1263.82,2256070000,1263.82
^GSPC,20060124,1263.82,1271.47,1263.82,1266.86,2608720000,1266.86
^GSPC,20060125,1266.86,1271.87,1259.42,1264.68,2617060000,1264.68
^GSPC,20060126,1264.68,1276.44,1264.68,1273.83,2856780000,1273.83
^GSPC,20060127,1273.83,1286.38,1273.83,1283.72,2623620000,1283.72
^GSPC,20060130,1283.72,1287.94,1283.51,1285.19,2282730000,1285.19
^GSPC,20060131,1285.20,1285.20,1276.85,1280.08,2708310000,1280.08
^GSPC,20060201,1280.08,1283.33,1277.57,1282.46,2589410000,1282.46
^GSPC,20060202,1282.46,1282.46,1267.72,1270.84,2565300000,1270.84
^GSPC,20060203,1270.84,1270.87,1261.02,1264.03,2282210000,1264.03
^GSPC,20060206,1264.03,1267.04,1261.62,1265.02,2132360000,1265.02
^GSPC,20060207,1265.02,1265.78,1253.61,1254.78,2366370000,1254.78
^GSPC,20060208,1254.78,1266.47,1254.78,1265.65,2456860000,1265.65
^GSPC,20060209,1265.65,1274.56,1262.80,1263.78,2441920000,1263.78
^GSPC,20060210,1263.82,1269.89,1254.98,1266.99,2290050000,1266.99
^GSPC,20060213,1266.99,1266.99,1258.34,1262.86,1850080000,1262.86
^GSPC,20060214,1262.86,1278.21,1260.80,1275.53,2437940000,1275.53
^GSPC,20060215,1275.53,1281.00,1271.06,1280.00,2317590000,1280.00
^GSPC,20060216,1280.00,1289.39,1280.00,1289.38,2251490000,1289.38
^GSPC,20060217,1289.38,1289.47,1284.07,1287.24,2128260000,1287.24
^GSPC,20060221,1287.24,1291.92,1281.33,1283.03,2104320000,1283.03
^GSPC,20060222,1283.03,1294.17,1283.03,1292.67,2222380000,1292.67
^GSPC,20060223,1292.67,1293.84,1285.14,1287.79,2144210000,1287.79
^GSPC,20060224,1287.79,1292.11,1285.62,1289.43,1933010000,1289.43
^GSPC,20060227,1289.43,1297.57,1289.43,1294.12,1975320000,1294.12
^GSPC,20060228,1294.12,1294.12,1278.66,1280.66,2370860000,1280.66
^GSPC,20060301,1280.66,1291.80,1280.66,1291.24,2308320000,1291.24
^GSPC,20060302,1291.24,1291.24,1283.21,1289.14,2494590000,1289.14
^GSPC,20060303,1289.14,1297.33,1284.20,1287.23,2152950000,1287.23
^GSPC,20060306,1287.23,1288.23,1275.67,1278.26,2280190000,1278.26
^GSPC,20060307,1278.26,1278.26,1271.11,1275.88,2268050000,1275.88
^GSPC,20060308,1275.88,1280.33,1268.42,1278.47,2442870000,1278.47
^GSPC,20060309,1278.47,1282.74,1272.23,1272.23,2140110000,1272.23
^GSPC,20060310,1272.23,1284.37,1271.11,1281.42,2123450000,1281.42
^GSPC,20060313,1281.58,1287.37,1281.58,1284.13,2070330000,1284.13
^GSPC,20060314,1284.13,1298.14,1282.67,1297.48,2165270000,1297.48
^GSPC,20060315,1297.48,1304.40,1294.97,1303.02,2293000000,1303.02
^GSPC,20060316,1303.02,1310.45,1303.02,1305.33,2292180000,1305.33
^GSPC,20060317,1305.33,1309.79,1305.32,1307.25,2549620000,1307.25
^GSPC,20060320,1307.25,1310.00,1303.59,1305.08,1976830000,1305.08
^GSPC,20060321,1305.08,1310.88,1295.82,1297.23,2147370000,1297.23
^GSPC,20060322,1297.23,1305.97,1295.81,1305.04,2039810000,1305.04
^GSPC,20060323,1305.04,1305.04,1298.11,1301.67,1980940000,1301.67
^GSPC,20060324,1301.67,1306.53,1298.89,1302.95,2326070000,1302.95
^GSPC,20060327,1302.95,1303.74,1299.09,1301.61,2029700000,1301.61
^GSPC,20060328,1301.61,1306.24,1291.84,1293.23,2148580000,1293.23
^GSPC,20060329,1293.23,1305.60,1293.23,1302.89,2143540000,1302.89
^GSPC,20060330,1302.89,1310.15,1296.72,1300.25,2294560000,1300.25
^GSPC,20060331,1300.25,1303.00,1294.87,1294.87,2236710000,1294.87
^GSPC,20060403,1302.88,1309.19,1296.65,1297.81,2494080000,1297.81
^GSPC,20060404,1297.81,1307.55,1294.71,1305.93,2147660000,1305.93
^GSPC,20060405,1305.93,1312.81,1304.82,1311.56,2420020000,1311.56
^GSPC,20060406,1311.56,1311.99,1302.44,1309.04,2281680000,1309.04
^GSPC,20060407,1309.04,1314.07,1294.18,1295.50,2082470000,1295.50
^GSPC,20060410,1295.51,1300.74,1293.17,1296.62,1898320000,1296.62
^GSPC,20060411,1296.60,1300.71,1282.96,1286.57,2232880000,1286.57
^GSPC,20060412,1286.57,1290.93,1286.45,1288.12,1938100000,1288.12
^GSPC,20060413,1288.12,1292.09,1283.37,1289.12,1891940000,1289.12
^GSPC,20060417,1289.12,1292.45,1280.74,1285.33,1794650000,1285.33
^GSPC,20060418,1285.33,1309.02,1285.33,1307.28,2595440000,1307.28
^GSPC,20060419,1307.65,1310.39,1302.79,1309.93,2447310000,1309.93
^GSPC,20060420,1309.93,1318.16,1306.38,1311.46,2512920000,1311.46
^GSPC,20060421,1311.46,1317.67,1306.59,1311.28,2392630000,1311.28
^GSPC,20060424,1311.28,1311.28,1303.79,1308.11,2117330000,1308.11
^GSPC,20060425,1308.11,1310.79,1299.17,1301.74,2366380000,1301.74
^GSPC,20060426,1301.74,1310.97,1301.74,1305.41,2502690000,1305.41
^GSPC,20060427,1305.41,1315.00,1295.57,1309.72,2772010000,1309.72
^GSPC,20060428,1309.72,1316.04,1306.16,1310.61,2419920000,1310.61
^GSPC,20060501,1310.61,1317.21,1303.46,1305.19,2437040000,1305.19
^GSPC,20060502,1305.19,1313.66,1305.19,1313.21,2403470000,1313.21
^GSPC,20060503,1313.21,1313.47,1303.92,1308.12,2395230000,1308.12
^GSPC,20060504,1307.85,1315.14,1307.85,1312.25,2431450000,1312.25
^GSPC,20060505,1312.25,1326.53,1312.25,1325.76,2294760000,1325.76
^GSPC,20060508,1325.76,1326.70,1322.87,1324.66,2151300000,1324.66
^GSPC,20060509,1324.66,1326.60,1322.48,1325.14,2157290000,1325.14
^GSPC,20060510,1324.57,1325.51,1317.44,1322.85,2268550000,1322.85
^GSPC,20060511,1322.63,1322.63,1303.45,1305.92,2531520000,1305.92
^GSPC,20060512,1305.88,1305.88,1290.38,1291.24,2567970000,1291.24
^GSPC,20060515,1291.19,1294.81,1284.51,1294.50,2505660000,1294.50
^GSPC,20060516,1294.50,1297.88,1288.51,1292.08,2386210000,1292.08
^GSPC,20060517,1291.73,1291.73,1267.31,1270.32,2830200000,1270.32
^GSPC,20060518,1270.25,1274.89,1261.75,1261.81,2537490000,1261.81
^GSPC,20060519,1261.81,1272.15,1256.28,1267.03,2982300000,1267.03
^GSPC,20060522,1267.03,1268.77,1252.98,1262.07,2773010000,1262.07
^GSPC,20060523,1262.06,1273.67,1256.15,1256.58,2605250000,1256.58
^GSPC,20060524,1256.56,1264.53,1245.34,1258.57,2999030000,1258.57
^GSPC,20060525,1258.41,1273.26,1258.41,1272.88,2372730000,1272.88
^GSPC,20060526,1272.71,1280.54,1272.50,1280.16,1814020000,1280.16
^GSPC,20060530,1280.04,1280.04,1259.87,1259.87,2176190000,1259.87
^GSPC,20060531,1259.38,1270.09,1259.38,1270.09,2692160000,1270.09
^GSPC,20060601,1270.05,1285.71,1269.19,1285.71,2360160000,1285.71
^GSPC,20060602,1285.71,1290.68,1280.22,1288.22,2295540000,1288.22
^GSPC,20060605,1288.16,1288.16,1264.66,1265.29,2313470000,1265.29
^GSPC,20060606,1265.23,1269.88,1254.46,1263.85,2697650000,1263.85
^GSPC,20060607,1263.61,1272.47,1255.77,1256.15,2644170000,1256.15
^GSPC,20060608,1256.08,1259.85,1235.18,1257.93,3543790000,1257.93
^GSPC,20060609,1257.93,1262.58,1250.03,1252.30,2214000000,1252.30
^GSPC,20060612,1252.27,1255.22,1236.43,1237.44,2247010000,1237.44
^GSPC,20060613,1236.08,1243.37,1222.52,1223.69,3215770000,1223.69
^GSPC,20060614,1223.66,1231.46,1219.29,1230.04,2667990000,1230.04
^GSPC,20060615,1230.01,1258.64,1230.01,1256.16,2775480000,1256.16
^GSPC,20060616,1256.16,1256.27,1246.33,1251.54,2783390000,1251.54
^GSPC,20060619,1251.54,1255.93,1237.17,1240.13,2517200000,1240.13
^GSPC,20060620,1240.12,1249.01,1238.87,1240.12,2232950000,1240.12
^GSPC,20060621,1240.09,1257.96,1240.09,1252.20,2361230000,1252.20
^GSPC,20060622,1251.92,1251.92,1241.53,1245.60,2148180000,1245.60
^GSPC,20060623,1245.59,1253.13,1241.43,1244.50,2017270000,1244.50
^GSPC,20060626,1244.50,1250.92,1243.68,1250.56,1878580000,1250.56
^GSPC,20060627,1250.55,1253.37,1238.94,1239.20,2203130000,1239.20
^GSPC,20060628,1238.99,1247.06,1237.59,1246.00,2085490000,1246.00
^GSPC,20060629,1245.94,1272.88,1245.94,1272.87,2621250000,1272.87
^GSPC,20060630,1272.86,1276.30,1270.20,1270.20,3049560000,1270.20
^GSPC,20060703,1270.06,1280.38,1270.06,1280.19,1114470000,1280.19
^GSPC,20060705,1280.05,1280.05,1265.91,1270.91,2165070000,1270.91
^GSPC,20060706,1270.58,1278.32,1270.58,1274.08,2009160000,1274.08
^GSPC,20060707,1274.08,1275.38,1263.13,1265.48,1988150000,1265.48
^GSPC,20060710,1265.46,1274.06,1264.46,1267.34,1854590000,1267.34
^GSPC,20060711,1267.26,1273.64,1259.65,1272.43,2310850000,1272.43
^GSPC,20060712,1272.39,1273.31,1257.29,1258.60,2250450000,1258.60
^GSPC,20060713,1258.58,1258.58,1241.43,1242.28,2545760000,1242.28
^GSPC,20060714,1242.29,1242.70,1228.45,1236.20,2467120000,1236.20
^GSPC,20060717,1236.20,1240.07,1231.49,1234.49,2146410000,1234.49
^GSPC,20060718,1234.48,1239.86,1224.54,1236.86,2481750000,1236.86
^GSPC,20060719,1236.74,1261.81,1236.74,1259.81,2701980000,1259.81
^GSPC,20060720,1259.81,1262.56,1249.13,1249.13,2345580000,1249.13
^GSPC,20060721,1249.12,1250.96,1238.72,1240.29,2704090000,1240.29
^GSPC,20060724,1240.25,1262.50,1240.25,1260.91,2312720000,1260.91
^GSPC,20060725,1260.91,1272.39,1257.19,1268.88,2563930000,1268.88
^GSPC,20060726,1268.87,1273.89,1261.94,1268.40,2667710000,1268.40
^GSPC,20060727,1268.20,1275.85,1261.92,1263.20,2776710000,1263.20
^GSPC,20060728,1263.15,1280.42,1263.15,1278.55,2480420000,1278.55
^GSPC,20060731,1278.53,1278.66,1274.31,1276.66,2461300000,1276.66
^GSPC,20060801,1278.53,1278.66,1265.71,1270.92,2527690000,1270.92
^GSPC,20060802,1270.73,1283.42,1270.73,1277.41,2610750000,1277.41
^GSPC,20060803,1278.22,1283.96,1271.25,1280.27,2728440000,1280.27
^GSPC,20060804,1280.26,1292.92,1273.82,1279.36,2530970000,1279.36
^GSPC,20060807,1279.31,1279.31,1273.00,1275.77,2045660000,1275.77
^GSPC,20060808,1275.67,1282.75,1268.37,1271.48,2457840000,1271.48
^GSPC,20060809,1271.13,1283.74,1264.73,1265.95,2555180000,1265.95
^GSPC,20060810,1265.72,1272.55,1261.30,1271.81,2402190000,1271.81
^GSPC,20060811,1271.64,1271.64,1262.08,1266.74,2004540000,1266.74
^GSPC,20060814,1266.67,1278.90,1266.67,1268.21,2118020000,1268.21
^GSPC,20060815,1268.19,1286.23,1268.19,1285.58,2334100000,1285.58
^GSPC,20060816,1285.27,1296.21,1285.27,1295.43,2554570000,1295.43
^GSPC,20060817,1295.37,1300.78,1292.71,1297.48,2458340000,1297.48
^GSPC,20060818,1297.48,1302.30,1293.57,1302.30,2033910000,1302.30
^GSPC,20060821,1302.30,1302.30,1295.51,1297.52,1759240000,1297.52
^GSPC,20060822,1297.52,1302.49,1294.44,1298.82,1908740000,1298.82
^GSPC,20060823,1298.73,1301.50,1289.82,1292.99,1893670000,1292.99
^GSPC,20060824,1292.97,1297.23,1291.40,1296.06,1930320000,1296.06
^GSPC,20060825,1295.92,1298.88,1292.39,1295.09,1667580000,1295.09
^GSPC,20060828,1295.09,1305.02,1293.97,1301.78,1834920000,1301.78
^GSPC,20060829,1301.57,1305.02,1295.29,1304.28,2093720000,1304.28
^GSPC,20060830,1303.70,1306.74,1302.15,1305.37,2060690000,1305.37
^GSPC,20060831,1304.25,1306.11,1302.45,1303.82,1974540000,1303.82
^GSPC,20060901,1303.80,1312.03,1303.80,1311.01,1800520000,1311.01
^GSPC,20060905,1310.94,1314.67,1308.82,1313.25,2114480000,1313.25
^GSPC,20060906,1313.04,1313.04,1299.28,1300.26,2329870000,1300.26
^GSPC,20060907,1300.21,1301.25,1292.13,1294.02,2325850000,1294.02
^GSPC,20060908,1294.02,1300.14,1294.02,1298.92,2132890000,1298.92
^GSPC,20060911,1298.86,1302.36,1290.93,1299.54,2506430000,1299.54
^GSPC,20060912,1299.53,1314.28,1299.53,1313.00,2791580000,1313.00
^GSPC,20060913,1312.74,1319.92,1311.12,1318.07,2597220000,1318.07
^GSPC,20060914,1318.00,1318.00,1313.25,1316.28,2351220000,1316.28
^GSPC,20060915,1316.28,1324.65,1316.28,1319.66,3198030000,1319.66
^GSPC,20060918,1319.85,1324.87,1318.16,1321.18,2325080000,1321.18
^GSPC,20060919,1321.17,1322.04,1312.17,1317.64,2390850000,1317.64
^GSPC,20060920,1318.28,1328.53,1318.28,1325.18,2543070000,1325.18
^GSPC,20060921,1324.89,1328.19,1315.45,1318.03,2627440000,1318.03
^GSPC,20060922,1318.03,1318.03,1310.94,1314.78,2162880000,1314.78
^GSPC,20060925,1314.78,1329.35,1311.58,1326.37,2710240000,1326.37
^GSPC,20060926,1326.35,1336.60,1325.30,1336.35,2673350000,1336.35
^GSPC,20060927,1336.12,1340.08,1333.54,1336.59,2749190000,1336.59
^GSPC,20060928,1336.56,1340.28,1333.75,1338.88,2397820000,1338.88
^GSPC,20060929,1339.15,1339.88,1335.64,1335.85,2273430000,1335.85
^GSPC,20061002,1335.82,1338.54,1330.28,1331.32,2154480000,1331.32
^GSPC,20061003,1331.32,1338.31,1327.10,1334.11,2682690000,1334.11
^GSPC,20061004,1333.81,1350.20,1331.48,1350.20,3019880000,1350.20
^GSPC,20061005,1349.84,1353.79,1347.75,1353.22,2817240000,1353.22
^GSPC,20061006,1353.22,1353.22,1344.21,1349.59,2523000000,1349.59
^GSPC,20061009,1349.58,1352.69,1346.55,1350.66,1935170000,1350.66
^GSPC,20061010,1350.62,1354.23,1348.60,1353.42,2376140000,1353.42
^GSPC,20061011,1353.28,1353.97,1343.57,1349.95,2521000000,1349.95
^GSPC,20061012,1349.94,1363.76,1349.94,1362.83,2514350000,1362.83
^GSPC,20061013,1362.82,1366.63,1360.50,1365.62,2482920000,1365.62
^GSPC,20061016,1365.61,1370.20,1364.48,1369.06,2305920000,1369.06
^GSPC,20061017,1369.05,1369.05,1356.87,1364.05,2519620000,1364.05
^GSPC,20061018,1363.93,1372.87,1360.95,1365.80,2658840000,1365.80
^GSPC,20061019,1365.95,1368.09,1362.06,1366.96,2619830000,1366.96
^GSPC,20061020,1366.94,1368.66,1362.10,1368.60,2526410000,1368.60
^GSPC,20061023,1368.58,1377.40,1363.94,1377.02,2480430000,1377.02
^GSPC,20061024,1377.02,1377.78,1372.42,1377.38,2876890000,1377.38
^GSPC,20061025,1377.36,1383.61,1376.00,1382.22,2953540000,1382.22
^GSPC,20061026,1382.21,1389.45,1379.47,1389.08,2793350000,1389.08
^GSPC,20061027,1388.89,1388.89,1375.85,1377.34,2458450000,1377.34
^GSPC,20061030,1377.30,1381.22,1373.46,1377.93,2770440000,1377.93
^GSPC,20061031,1377.93,1381.21,1372.19,1377.94,2803030000,1377.94
^GSPC,20061101,1377.76,1381.95,1366.26,1367.81,2821160000,1367.81
^GSPC,20061102,1367.44,1368.39,1362.21,1367.34,2646180000,1367.34
^GSPC,20061103,1367.31,1371.68,1360.98,1364.30,2419730000,1364.30
^GSPC,20061106,1364.27,1381.40,1364.27,1379.78,2533550000,1379.78
^GSPC,20061107,1379.75,1388.19,1379.19,1382.84,2636390000,1382.84
^GSPC,20061108,1382.50,1388.61,1379.33,1385.72,2814820000,1385.72
^GSPC,20061109,1385.43,1388.92,1377.31,1378.33,3012050000,1378.33
^GSPC,20061110,1378.33,1381.04,1375.60,1380.90,2290200000,1380.90
^GSPC,20061113,1380.58,1387.61,1378.80,1384.42,2386340000,1384.42
^GSPC,20061114,1384.36,1394.49,1379.07,1393.22,3027480000,1393.22
^GSPC,20061115,1392.91,1401.35,1392.13,1396.57,2831130000,1396.57
^GSPC,20061116,1396.53,1403.76,1396.53,1399.76,2835730000,1399.76
^GSPC,20061117,1399.76,1401.21,1394.55,1401.20,2726100000,1401.20
^GSPC,20061120,1401.17,1404.37,1397.85,1400.50,2546710000,1400.50
^GSPC,20061121,1400.43,1403.49,1399.99,1402.81,2597940000,1402.81
^GSPC,20061122,1402.69,1407.89,1402.26,1406.09,2237710000,1406.09
^GSPC,20061124,1405.94,1405.94,1399.25,1400.95,832550000,1400.95
^GSPC,20061127,1400.95,1400.95,1381.44,1381.96,2711210000,1381.96
^GSPC,20061128,1381.61,1387.91,1377.83,1386.72,2639750000,1386.72
^GSPC,20061129,1386.11,1401.14,1386.11,1399.48,2790970000,1399.48
^GSPC,20061130,1399.47,1406.30,1393.83,1400.63,4006230000,1400.63
^GSPC,20061201,1400.63,1402.46,1385.93,1396.71,2800980000,1396.71
^GSPC,20061204,1396.67,1411.23,1396.67,1409.12,2766320000,1409.12
^GSPC,20061205,1409.10,1415.27,1408.78,1414.76,2755700000,1414.76
^GSPC,20061206,1414.40,1415.93,1411.05,1412.90,2725280000,1412.90
^GSPC,20061207,1412.86,1418.27,1406.80,1407.29,2743150000,1407.29
^GSPC,20061208,1407.27,1414.09,1403.67,1409.84,2440460000,1409.84
^GSPC,20061211,1409.81,1415.60,1408.56,1413.04,2289900000,1413.04
^GSPC,20061212,1413.00,1413.78,1404.75,1411.56,2738170000,1411.56
^GSPC,20061213,1411.32,1416.64,1411.05,1413.21,2552260000,1413.21
^GSPC,20061214,1413.16,1427.23,1413.16,1425.49,2729700000,1425.49
^GSPC,20061215,1425.48,1431.63,1425.48,1427.09,3229580000,1427.09
^GSPC,20061218,1427.08,1431.81,1420.65,1422.48,2568140000,1422.48
^GSPC,20061219,1422.42,1428.30,1414.88,1425.55,2717060000,1425.55
^GSPC,20061220,1425.51,1429.05,1423.51,1423.53,2387630000,1423.53
^GSPC,20061221,1423.20,1426.40,1415.90,1418.30,2322410000,1418.30
^GSPC,20061222,1418.10,1418.82,1410.28,1410.76,1647590000,1410.76
^GSPC,20061226,1410.75,1417.91,1410.45,1416.90,1310310000,1416.90
^GSPC,20061227,1416.63,1427.72,1416.63,1426.84,1667370000,1426.84
^GSPC,20061228,1426.77,1427.26,1422.05,1424.73,1508570000,1424.73
^GSPC,20061229,1424.71,1427.00,1416.84,1418.30,1678200000,1418.30
^GSPC,20070103,1418.03,1429.42,1407.86,1416.60,3429160000,1416.60
^GSPC,20070104,1416.60,1421.84,1408.43,1418.34,3004460000,1418.34
^GSPC,20070105,1418.34,1418.34,1405.75,1409.71,2919400000,1409.71
^GSPC,20070108,1409.26,1414.98,1403.97,1412.84,2763340000,1412.84
^GSPC,20070109,1412.84,1415.61,1405.42,1412.11,3038380000,1412.11
^GSPC,20070110,1408.70,1415.99,1405.32,1414.85,2764660000,1414.85
^GSPC,20070111,1414.84,1427.12,1414.84,1423.82,2857870000,1423.82
^GSPC,20070112,1423.82,1431.23,1422.58,1430.73,2686480000,1430.73
^GSPC,20070116,1430.73,1433.93,1428.62,1431.90,2599530000,1431.90
^GSPC,20070117,1431.77,1435.27,1428.57,1430.62,2690270000,1430.62
^GSPC,20070118,1430.59,1432.96,1424.21,1426.37,2822430000,1426.37
^GSPC,20070119,1426.35,1431.57,1425.19,1430.50,2777480000,1430.50
^GSPC,20070122,1430.47,1431.39,1420.40,1422.95,2540120000,1422.95
^GSPC,20070123,1422.95,1431.33,1421.66,1427.99,2975070000,1427.99
^GSPC,20070124,1427.96,1440.14,1427.96,1440.13,2783180000,1440.13
^GSPC,20070125,1440.12,1440.69,1422.34,1423.90,2994330000,1423.90
^GSPC,20070126,1423.90,1427.27,1416.96,1422.18,2626620000,1422.18
^GSPC,20070129,1422.03,1426.94,1418.46,1420.62,2730480000,1420.62
^GSPC,20070130,1420.61,1428.82,1420.61,1428.82,2706250000,1428.82
^GSPC,20070131,1428.65,1441.61,1424.78,1438.24,2976690000,1438.24
^GSPC,20070201,1437.90,1446.64,1437.90,1445.94,2914890000,1445.94
^GSPC,20070202,1445.94,1449.33,1444.49,1448.39,2569450000,1448.39
^GSPC,20070205,1448.33,1449.38,1443.85,1446.99,2439430000,1446.99
^GSPC,20070206,1446.98,1450.19,1443.40,1448.00,2608710000,1448.00
^GSPC,20070207,1447.41,1452.99,1446.44,1450.02,2618820000,1450.02
^GSPC,20070208,1449.99,1450.45,1442.81,1448.31,2816180000,1448.31
^GSPC,20070209,1448.25,1452.45,1433.44,1438.06,2951810000,1438.06
^GSPC,20070212,1438.00,1439.11,1431.44,1433.37,2395680000,1433.37
^GSPC,20070213,1433.22,1444.41,1433.22,1444.26,2652150000,1444.26
^GSPC,20070214,1443.91,1457.65,1443.91,1455.30,2699290000,1455.30
^GSPC,20070215,1455.15,1457.97,1453.19,1456.81,2490920000,1456.81
^GSPC,20070216,1456.77,1456.77,1451.57,1455.54,2399450000,1455.54
^GSPC,20070220,1455.53,1460.53,1449.20,1459.68,2337860000,1459.68
^GSPC,20070221,1459.60,1459.60,1452.02,1457.63,2606980000,1457.63
^GSPC,20070222,1457.29,1461.57,1450.51,1456.38,1950770000,1456.38
^GSPC,20070223,1456.22,1456.22,1448.36,1451.19,2579950000,1451.19
^GSPC,20070226,1451.04,1456.95,1445.48,1449.37,2822170000,1449.37
^GSPC,20070227,1449.25,1449.25,1389.42,1399.04,4065230000,1399.04
^GSPC,20070228,1398.64,1415.89,1396.65,1406.82,3925250000,1406.82
^GSPC,20070301,1406.80,1409.46,1380.87,1403.17,3874910000,1403.17
^GSPC,20070302,1403.16,1403.40,1386.87,1387.17,3312260000,1387.17
^GSPC,20070305,1387.11,1391.86,1373.97,1374.12,3480520000,1374.12
^GSPC,20070306,1374.06,1397.90,1374.06,1395.41,3358160000,1395.41
^GSPC,20070307,1395.02,1401.16,1390.64,1391.97,3141350000,1391.97
^GSPC,20070308,1391.88,1407.93,1391.88,1401.89,3014850000,1401.89
^GSPC,20070309,1401.89,1410.15,1397.30,1402.84,2623050000,1402.84
^GSPC,20070312,1402.80,1409.34,1398.40,1406.60,2664000000,1406.60
^GSPC,20070313,1406.23,1406.23,1377.71,1377.95,3485570000,1377.95
^GSPC,20070314,1377.86,1388.09,1363.98,1387.17,3758350000,1387.17
^GSPC,20070315,1387.11,1395.73,1385.16,1392.28,2821900000,1392.28
^GSPC,20070316,1392.28,1397.51,1383.63,1386.95,3393640000,1386.95
^GSPC,20070319,1386.95,1403.20,1386.95,1402.06,2777180000,1402.06
^GSPC,20070320,1402.04,1411.53,1400.70,1410.94,2795940000,1410.94
^GSPC,20070321,1410.92,1437.77,1409.75,1435.04,3184770000,1435.04
^GSPC,20070322,1435.04,1437.66,1429.88,1434.54,3129970000,1434.54
^GSPC,20070323,1434.54,1438.89,1433.21,1436.11,2619020000,1436.11
^GSPC,20070326,1436.11,1437.65,1423.28,1437.50,2754660000,1437.50
^GSPC,20070327,1437.49,1437.49,1425.54,1428.61,2673040000,1428.61
^GSPC,20070328,1428.35,1428.35,1414.07,1417.23,3000440000,1417.23
^GSPC,20070329,1417.17,1426.24,1413.27,1422.53,2854710000,1422.53
^GSPC,20070330,1422.52,1429.22,1408.90,1420.86,2903960000,1420.86
^GSPC,20070402,1420.83,1425.49,1416.37,1424.55,2875880000,1424.55
^GSPC,20070403,1424.27,1440.57,1424.27,1437.77,2921760000,1437.77
^GSPC,20070404,1437.75,1440.16,1435.08,1439.37,2616320000,1439.37
^GSPC,20070405,1438.94,1444.88,1436.67,1443.76,2357230000,1443.76
^GSPC,20070409,1443.77,1448.10,1443.28,1444.61,2349410000,1444.61
^GSPC,20070410,1444.58,1448.73,1443.99,1448.39,2510110000,1448.39
^GSPC,20070411,1448.23,1448.39,1436.15,1438.87,2950190000,1438.87
^GSPC,20070412,1438.87,1448.02,1433.91,1447.80,2770570000,1447.80
^GSPC,20070413,1447.80,1453.11,1444.15,1452.85,2690020000,1452.85
^GSPC,20070416,1452.84,1468.62,1452.84,1468.33,2870140000,1468.33
^GSPC,20070417,1468.47,1474.35,1467.15,1471.48,2920570000,1471.48
^GSPC,20070418,1471.47,1476.57,1466.41,1472.50,2971330000,1472.50
^GSPC,20070419,1472.48,1474.23,1464.47,1470.73,2913610000,1470.73
^GSPC,20070420,1470.69,1484.74,1470.69,1484.35,3329940000,1484.35
^GSPC,20070423,1484.33,1487.32,1480.19,1480.93,2575020000,1480.93
^GSPC,20070424,1480.93,1483.82,1473.74,1480.41,3119750000,1480.41
^GSPC,20070425,1480.28,1496.59,1480.28,1495.42,3252590000,1495.42
^GSPC,20070426,1495.27,1498.02,1491.17,1494.25,3211800000,1494.25
^GSPC,20070427,1494.21,1497.32,1488.67,1494.07,2732810000,1494.07
^GSPC,20070430,1494.07,1497.16,1482.29,1482.37,3093420000,1482.37
^GSPC,20070501,1482.37,1487.27,1476.70,1486.30,3400350000,1486.30
^GSPC,20070502,1486.13,1499.10,1486.13,1495.92,3189800000,1495.92
^GSPC,20070503,1495.56,1503.34,1495.56,1502.39,3007970000,1502.39
^GSPC,20070504,1502.35,1510.34,1501.80,1505.62,2761930000,1505.62
^GSPC,20070507,1505.57,1511.00,1505.54,1509.48,2545090000,1509.48
^GSPC,20070508,1509.36,1509.36,1500.66,1507.72,2795720000,1507.72
^GSPC,20070509,1507.32,1513.80,1503.77,1512.58,2935550000,1512.58
^GSPC,20070510,1512.33,1512.33,1491.42,1491.47,3031240000,1491.47
^GSPC,20070511,1491.47,1506.24,1491.47,1505.85,2720780000,1505.85
^GSPC,20070514,1505.76,1510.90,1498.34,1503.15,2776130000,1503.15
^GSPC,20070515,1503.11,1514.83,1500.43,1501.19,3071020000,1501.19
^GSPC,20070516,1500.75,1514.15,1500.75,1514.14,2915350000,1514.14
^GSPC,20070517,1514.01,1517.14,1509.29,1512.75,2868640000,1512.75
^GSPC,20070518,1512.74,1522.75,1512.74,1522.75,2959050000,1522.75
^GSPC,20070521,1522.75,1529.87,1522.71,1525.10,3465360000,1525.10
^GSPC,20070522,1525.10,1529.24,1522.05,1524.12,2860500000,1524.12
^GSPC,20070523,1524.09,1532.43,1521.90,1522.28,3084260000,1522.28
^GSPC,20070524,1522.10,1529.31,1505.18,1507.51,3365530000,1507.51
^GSPC,20070525,1507.50,1517.41,1507.50,1515.73,2316250000,1515.73
^GSPC,20070529,1515.55,1521.80,1512.02,1518.11,2571790000,1518.11
^GSPC,20070530,1517.60,1530.23,1510.06,1530.23,2980210000,1530.23
^GSPC,20070531,1530.19,1535.56,1528.26,1530.62,3335530000,1530.62
^GSPC,20070601,1530.62,1540.56,1530.62,1536.34,2927020000,1536.34
^GSPC,20070604,1536.28,1540.53,1532.31,1539.18,2738930000,1539.18
^GSPC,20070605,1539.12,1539.12,1525.62,1530.95,2939450000,1530.95
^GSPC,20070606,1530.57,1530.57,1514.13,1517.38,2964190000,1517.38
^GSPC,20070607,1517.36,1517.36,1490.37,1490.72,3538470000,1490.72
^GSPC,20070608,1490.71,1507.76,1487.41,1507.67,2993460000,1507.67
^GSPC,20070611,1507.64,1515.53,1503.35,1509.12,2525280000,1509.12
^GSPC,20070612,1509.12,1511.33,1492.97,1493.00,3056200000,1493.00
^GSPC,20070613,1492.65,1515.70,1492.65,1515.67,3077930000,1515.67
^GSPC,20070614,1515.58,1526.45,1515.58,1522.97,2813630000,1522.97
^GSPC,20070615,1522.97,1538.71,1522.97,1532.91,3406030000,1532.91
^GSPC,20070618,1532.90,1535.44,1529.31,1531.05,2480240000,1531.05
^GSPC,20070619,1531.02,1535.85,1525.67,1533.70,2873590000,1533.70
^GSPC,20070620,1533.68,1537.32,1512.36,1512.84,3286900000,1512.84
^GSPC,20070621,1512.50,1522.90,1504.75,1522.19,3161110000,1522.19
^GSPC,20070622,1522.19,1522.19,1500.74,1502.56,4284320000,1502.56
^GSPC,20070625,1502.56,1514.29,1492.68,1497.74,3287250000,1497.74
^GSPC,20070626,1497.68,1506.12,1490.54,1492.89,3398530000,1492.89
^GSPC,20070627,1492.62,1506.80,1484.18,1506.34,3398150000,1506.34
^GSPC,20070628,1506.32,1514.84,1503.41,1505.71,3006710000,1505.71
^GSPC,20070629,1505.70,1517.53,1493.61,1503.35,3165410000,1503.35
^GSPC,20070702,1504.66,1519.45,1504.66,1519.43,2648990000,1519.43
^GSPC,20070703,1519.12,1526.01,1519.12,1524.87,1560790000,1524.87
^GSPC,20070705,1524.86,1526.57,1517.72,1525.40,2622950000,1525.40
^GSPC,20070706,1524.96,1532.40,1520.47,1530.44,2441520000,1530.44
^GSPC,20070709,1530.43,1534.26,1527.45,1531.85,2715330000,1531.85
^GSPC,20070710,1531.85,1531.85,1510.01,1510.12,3244280000,1510.12
^GSPC,20070711,1509.93,1519.34,1506.10,1518.76,3082920000,1518.76
^GSPC,20070712,1518.74,1547.92,1518.74,1547.70,3489600000,1547.70
^GSPC,20070713,1547.68,1555.10,1544.85,1552.50,2801120000,1552.50
^GSPC,20070716,1552.50,1555.90,1546.69,1549.52,2704110000,1549.52
^GSPC,20070717,1549.52,1555.32,1547.74,1549.37,3007140000,1549.37
^GSPC,20070718,1549.20,1549.20,1533.67,1546.17,3609220000,1546.17
^GSPC,20070719,1546.13,1555.20,1546.13,1553.08,3251450000,1553.08
^GSPC,20070720,1553.19,1553.19,1529.20,1534.10,3745780000,1534.10
^GSPC,20070723,1534.06,1547.23,1534.06,1541.57,3102700000,1541.57
^GSPC,20070724,1541.57,1541.57,1508.62,1511.04,4115830000,1511.04
^GSPC,20070725,1511.03,1524.31,1503.73,1518.09,4283200000,1518.09
^GSPC,20070726,1518.09,1518.09,1465.30,1482.66,4472550000,1482.66
^GSPC,20070727,1482.44,1488.53,1458.95,1458.95,4784650000,1458.95
^GSPC,20070730,1458.93,1477.88,1454.32,1473.91,4128780000,1473.91
^GSPC,20070731,1473.90,1488.30,1454.25,1455.27,4524520000,1455.27
^GSPC,20070801,1455.18,1468.38,1439.59,1465.81,5256780000,1465.81
^GSPC,20070802,1465.46,1476.43,1460.58,1472.20,4368850000,1472.20
^GSPC,20070803,1472.18,1473.23,1432.80,1433.06,4272110000,1433.06
^GSPC,20070806,1433.04,1467.67,1427.39,1467.67,5067200000,1467.67
^GSPC,20070807,1467.62,1488.30,1455.80,1476.71,4909390000,1476.71
^GSPC,20070808,1476.22,1503.89,1476.22,1497.49,5499560000,1497.49
^GSPC,20070809,1497.21,1497.21,1453.09,1453.09,5889600000,1453.09
^GSPC,20070810,1453.09,1462.02,1429.74,1453.64,5345780000,1453.64
^GSPC,20070813,1453.42,1466.29,1451.54,1452.92,3696280000,1452.92
^GSPC,20070814,1452.87,1456.74,1426.20,1426.54,3814630000,1426.54
^GSPC,20070815,1426.15,1440.78,1404.36,1406.70,4290930000,1406.70
^GSPC,20070816,1406.64,1415.97,1370.60,1411.27,6509300000,1411.27
^GSPC,20070817,1411.26,1450.33,1411.26,1445.94,3570040000,1445.94
^GSPC,20070820,1445.94,1451.75,1430.54,1445.55,3321340000,1445.55
^GSPC,20070821,1445.55,1455.32,1439.76,1447.12,3012150000,1447.12
^GSPC,20070822,1447.03,1464.86,1447.03,1464.07,3309120000,1464.07
^GSPC,20070823,1464.05,1472.06,1453.88,1462.50,3084390000,1462.50
^GSPC,20070824,1462.34,1479.40,1460.54,1479.37,2541400000,1479.37
^GSPC,20070827,1479.36,1479.36,1465.98,1466.79,2406180000,1466.79
^GSPC,20070828,1466.72,1466.72,1432.01,1432.36,3078090000,1432.36
^GSPC,20070829,1432.01,1463.76,1432.01,1463.76,2824070000,1463.76
^GSPC,20070830,1463.67,1468.43,1451.25,1457.64,2582960000,1457.64
^GSPC,20070831,1457.61,1481.47,1457.61,1473.99,2731610000,1473.99
^GSPC,20070904,1473.96,1496.40,1472.15,1489.42,2766600000,1489.42
^GSPC,20070905,1488.76,1488.76,1466.34,1472.29,2991600000,1472.29
^GSPC,20070906,1472.03,1481.49,1467.41,1478.55,2459590000,1478.55
^GSPC,20070907,1478.55,1478.55,1449.07,1453.55,3191080000,1453.55
^GSPC,20070910,1453.50,1462.25,1439.29,1451.70,2835720000,1451.70
^GSPC,20070911,1451.69,1472.48,1451.69,1471.49,3015330000,1471.49
^GSPC,20070912,1471.10,1479.50,1465.75,1471.56,2885720000,1471.56
^GSPC,20070913,1471.47,1489.58,1471.47,1483.95,2877080000,1483.95
^GSPC,20070914,1483.95,1485.99,1473.18,1484.25,2641740000,1484.25
^GSPC,20070917,1484.24,1484.24,1471.82,1476.65,2598390000,1476.65
^GSPC,20070918,1476.63,1519.89,1476.63,1519.78,3708940000,1519.78
^GSPC,20070919,1519.75,1538.74,1519.75,1529.03,3846750000,1529.03
^GSPC,20070920,1528.69,1529.14,1516.42,1518.75,2957700000,1518.75
^GSPC,20070921,1518.75,1530.89,1518.75,1525.75,3679460000,1525.75
^GSPC,20070924,1525.75,1530.18,1516.15,1517.73,3131310000,1517.73
^GSPC,20070925,1516.34,1518.27,1507.13,1517.21,3187770000,1517.21
^GSPC,20070926,1518.62,1529.39,1518.62,1525.42,3237390000,1525.42
^GSPC,20070927,1527.32,1532.46,1525.81,1531.38,2872180000,1531.38
^GSPC,20070928,1531.24,1533.74,1521.99,1526.75,2925350000,1526.75
^GSPC,20071001,1527.29,1549.02,1527.25,1547.04,3281990000,1547.04
^GSPC,20071002,1546.96,1548.01,1540.37,1546.63,3101910000,1546.63
^GSPC,20071003,1545.80,1545.84,1536.34,1539.59,3065320000,1539.59
^GSPC,20071004,1539.91,1544.02,1537.63,1542.84,2690430000,1542.84
^GSPC,20071005,1543.84,1561.91,1543.84,1557.59,2919030000,1557.59
^GSPC,20071008,1556.51,1556.51,1549.00,1552.58,2040650000,1552.58
^GSPC,20071009,1553.18,1565.26,1551.82,1565.15,2932040000,1565.15
^GSPC,20071010,1564.98,1565.42,1555.46,1562.47,3044760000,1562.47
^GSPC,20071011,1564.72,1576.09,1546.72,1554.41,3911260000,1554.41
^GSPC,20071012,1555.41,1563.03,1554.09,1561.80,2788690000,1561.80
^GSPC,20071015,1562.25,1564.74,1540.81,1548.71,3139290000,1548.71
^GSPC,20071016,1547.81,1547.81,1536.29,1538.53,3234560000,1538.53
^GSPC,20071017,1544.44,1550.66,1526.01,1541.24,3638070000,1541.24
^GSPC,20071018,1539.29,1542.79,1531.76,1540.08,3203210000,1540.08
^GSPC,20071019,1540.00,1540.00,1500.26,1500.63,4160970000,1500.63
^GSPC,20071022,1497.79,1508.06,1490.40,1506.33,3471830000,1506.33
^GSPC,20071023,1509.30,1520.01,1503.61,1519.59,3309120000,1519.59
^GSPC,20071024,1516.61,1517.23,1489.56,1515.88,4003300000,1515.88
^GSPC,20071025,1516.15,1523.24,1500.46,1514.40,4183960000,1514.40
^GSPC,20071026,1522.17,1535.53,1520.18,1535.28,3612120000,1535.28
^GSPC,20071029,1536.92,1544.67,1536.43,1540.98,3124480000,1540.98
^GSPC,20071030,1539.42,1539.42,1529.55,1531.02,3212520000,1531.02
^GSPC,20071031,1532.15,1552.76,1529.40,1549.38,3953070000,1549.38
^GSPC,20071101,1545.79,1545.79,1506.66,1508.44,4241470000,1508.44
^GSPC,20071102,1511.07,1513.15,1492.53,1509.65,4285990000,1509.65
^GSPC,20071105,1505.61,1510.84,1489.95,1502.17,3819330000,1502.17
^GSPC,20071106,1505.33,1520.77,1499.07,1520.27,3879160000,1520.27
^GSPC,20071107,1515.46,1515.46,1475.04,1475.62,4353160000,1475.62
^GSPC,20071108,1475.27,1482.50,1450.31,1474.77,5439720000,1474.77
^GSPC,20071109,1467.59,1474.09,1448.51,1453.70,4587050000,1453.70
^GSPC,20071112,1453.66,1464.94,1438.53,1439.18,4192520000,1439.18
^GSPC,20071113,1441.35,1481.37,1441.35,1481.05,4141310000,1481.05
^GSPC,20071114,1483.40,1492.14,1466.47,1470.58,4031470000,1470.58
^GSPC,20071115,1468.04,1472.67,1443.49,1451.15,3941010000,1451.15
^GSPC,20071116,1453.09,1462.18,1443.99,1458.74,4168870000,1458.74
^GSPC,20071119,1456.70,1456.70,1430.42,1433.27,4119650000,1433.27
^GSPC,20071120,1434.51,1452.64,1419.28,1439.70,4875150000,1439.70
^GSPC,20071121,1434.71,1436.40,1415.64,1416.77,4076230000,1416.77
^GSPC,20071123,1417.62,1440.86,1417.62,1440.70,1612720000,1440.70
^GSPC,20071126,1440.74,1446.09,1406.10,1407.22,3706470000,1407.22
^GSPC,20071127,1409.59,1429.49,1407.43,1428.23,4320720000,1428.23
^GSPC,20071128,1432.95,1471.62,1432.95,1469.02,4508020000,1469.02
^GSPC,20071129,1467.41,1473.81,1458.36,1469.72,3524730000,1469.72
^GSPC,20071130,1471.83,1488.94,1470.89,1481.14,4422200000,1481.14
^GSPC,20071203,1479.63,1481.16,1470.08,1472.42,3323250000,1472.42
^GSPC,20071204,1471.34,1471.34,1460.66,1462.79,3343620000,1462.79
^GSPC,20071205,1465.22,1486.09,1465.22,1485.01,3663660000,1485.01
^GSPC,20071206,1484.59,1508.02,1482.19,1507.34,3568570000,1507.34
^GSPC,20071207,1508.60,1510.63,1502.66,1504.66,3177710000,1504.66
^GSPC,20071210,1505.11,1518.27,1504.96,1515.96,2911760000,1515.96
^GSPC,20071211,1516.68,1523.57,1475.99,1477.65,4080180000,1477.65
^GSPC,20071212,1487.58,1511.96,1468.23,1486.59,4482120000,1486.59
^GSPC,20071213,1483.27,1489.40,1469.21,1488.41,3635170000,1488.41
^GSPC,20071214,1486.19,1486.67,1467.78,1467.95,3401050000,1467.95
^GSPC,20071217,1465.05,1465.05,1445.43,1445.90,3569030000,1445.90
^GSPC,20071218,1445.92,1460.16,1435.65,1454.98,3723690000,1454.98
^GSPC,20071219,1454.70,1464.42,1445.31,1453.00,3401300000,1453.00
^GSPC,20071220,1456.42,1461.53,1447.22,1460.12,3526890000,1460.12
^GSPC,20071221,1463.19,1485.40,1463.19,1484.46,4508590000,1484.46
^GSPC,20071224,1484.55,1497.63,1484.55,1496.45,1267420000,1496.45
^GSPC,20071226,1495.12,1498.85,1488.20,1497.66,2010500000,1497.66
^GSPC,20071227,1495.05,1495.05,1475.86,1476.27,2365770000,1476.27
^GSPC,20071228,1479.83,1488.01,1471.70,1478.49,2420510000,1478.49
^GSPC,20071231,1475.25,1475.83,1465.13,1468.36,2440880000,1468.36
